Voltage (V),Time (sec)
0.045188879055146944,73.466981442
0.045376384777367475,73.479450816
0.04500137333292642,73.494085659
0.04500137333292642,73.501370658
0.04481386761070589,73.50653081
0.044626361888485365,73.511450446
0.04481386761070589,73.516586956
0.04481386761070589,73.521949512
0.04500137333292642,73.527055347
0.044626361888485365,73.532051386
0.04481386761070589,73.536995077
0.044626361888485365,73.54213393
0.044438856166264834,73.547101795
0.044626361888485365,73.552065803
0.04481386761070589,73.557489444
0.04481386761070589,73.562593556
0.044626361888485365,73.567689912
0.044626361888485365,73.572661267
0.04481386761070589,73.577703301
0.04500137333292642,73.582543926
0.04481386761070589,73.588110331
0.04500137333292642,73.593068925
0.04481386761070589,73.598053818
0.04481386761070589,73.602977568
0.044626361888485365,73.607882883
0.04481386761070589,73.612968769
0.04481386761070589,73.617976013
0.04481386761070589,73.623476273
0.044626361888485365,73.628347786
0.04481386761070589,73.633318046
0.044626361888485365,73.638285441
0.04481386761070589,73.64326747
0.04500137333292642,73.648416008
0.04500137333292642,73.653438246
0.04481386761070589,73.662281526
0.04481386761070589,73.668408762
0.04481386761070589,73.674409696
0.04481386761070589,73.680574643
0.04481386761070589,73.686646622
0.04481386761070589,73.692791883
0.04481386761070589,73.698713655
0.044626361888485365,73.704660011
0.04481386761070589,73.845313241
0.04481386761070589,73.850414124
0.044626361888485365,73.855335686
0.044626361888485365,73.860347043
0.04481386761070589,73.865212979
0.04500137333292642,73.870317613
0.04500137333292642,73.875196832
0.04500137333292642,73.880569961
0.04500137333292642,73.885592824
0.04500137333292642,73.890538504
0.04481386761070589,73.895614285
0.04481386761070589,73.900575486
0.04481386761070589,73.905707621
0.044626361888485365,73.911306319
0.044626361888485365,73.916228918
0.04481386761070589,73.921265735
0.044626361888485365,73.926320624
0.044438856166264834,73.931374219
0.044626361888485365,73.936414219
0.04481386761070589,73.941504899
0.04481386761070589,73.946909324
0.044438856166264834,73.951738543
0.044438856166264834,73.956571041
0.04481386761070589,73.961355206
0.04500137333292642,73.966193234
0.04500137333292642,73.971063077
0.045188879055146944,73.976342455
0.04500137333292642,73.981269172
0.04481386761070589,73.986068753
0.04481386761070589,73.991042401
0.04500137333292642,73.995858229
0.04481386761070589,74.000725104
0.044626361888485365,74.005528181
0.044626361888485365,74.011495527
0.04481386761070589,74.017558029
0.04481386761070589,74.02341459
0.044626361888485365,74.029392402
0.04481386761070589,74.035562611
0.044626361888485365,74.041887252
0.044626361888485365,74.048099755
0.04481386761070589,74.054137205
0.044626361888485365,74.061211373
0.04481386761070589,74.067022729
0.04500137333292642,74.073244293
0.04500137333292642,74.079349451
0.04500137333292642,74.085190801
0.04500137333292642,74.091287881
0.04500137333292642,74.09743163
0.04481386761070589,74.10356262
0.04500137333292642,74.109623973
0.04481386761070589,74.11654939
0.04500137333292642,74.122674548
0.04500137333292642,74.128851369
0.04481386761070589,74.135007722
0.04500137333292642,74.141166889
0.04500137333292642,74.147092043
0.04481386761070589,74.153347455
0.04500137333292642,74.159429023
0.04500137333292642,74.166237361
0.04481386761070589,74.172328503
0.04500137333292642,74.178356888
0.04500137333292642,74.184463972
0.04481386761070589,74.190669598
0.04500137333292642,74.196741945
0.04481386761070589,74.202829547
0.04481386761070589,74.208788089
0.04500137333292642,74.215504909
0.04500137333292642,74.221699752
0.04481386761070589,74.227869595
0.04500137333292642,74.23374673
0.04500137333292642,74.239820848
0.04481386761070589,74.245725587
0.04500137333292642,74.251645011
0.04500137333292642,74.257593446
0.04481386761070589,74.263868085
0.04500137333292642,74.27045116
0.04500137333292642,74.276491941
0.04481386761070589,74.282453868
0.04500137333292642,74.28833173
0.04481386761070589,74.294538451
0.04500137333292642,74.300679593
0.04500137333292642,74.306811983
0.04481386761070589,74.3128461
0.04500137333292642,74.319723023
0.04500137333292642,74.325771411
0.044626361888485365,74.332073601
0.04500137333292642,74.338091835
0.04500137333292642,74.344119388
0.04481386761070589,74.350366424
0.04500137333292642,74.356330017
0.04500137333292642,74.362508973
0.04481386761070589,74.369291939
0.04500137333292642,74.375437467
0.04500137333292642,74.381350072
0.04481386761070589,74.387464815
0.04500137333292642,74.393460908
0.04500137333292642,74.399325904
0.04481386761070589,74.405624185
0.04500137333292642,74.4117621
0.04500137333292642,74.417713871
0.04481386761070589,74.424330737
0.04500137333292642,74.430297094
0.04500137333292642,74.43653475
0.04481386761070589,74.442602616
0.04500137333292642,74.448521316
0.04500137333292642,74.454295069
0.04481386761070589,74.460550381
0.04500137333292642,74.466622205
0.04500137333292642,74.4734983
0.04481386761070589,74.479351945
0.04500137333292642,74.485464863
0.04500137333292642,74.491462571
0.04481386761070589,74.497287732
0.045188879055146944,74.503153614
0.04500137333292642,74.509241016
0.04481386761070589,74.515025291
0.04500137333292642,74.522019767
0.04500137333292642,74.528079452
0.04481386761070589,74.53408221
0.04500137333292642,74.540327625
0.04500137333292642,74.546379965
0.04481386761070589,74.552461582
0.04500137333292642,74.558487368
0.04500137333292642,74.564176017
0.04481386761070589,74.570104198
0.04500137333292642,74.576827637
0.04481386761070589,74.583023216
0.04481386761070589,74.58911869
0.04481386761070589,74.595034159
0.04500137333292642,74.600853014
0.04481386761070589,74.606662492
0.04500137333292642,74.61279916
0.04500137333292642,74.618676395
0.04481386761070589,74.625574465
0.04500137333292642,74.63171832
0.04481386761070589,74.637593946
0.04481386761070589,74.643605195
0.04500137333292642,74.651488422
0.04500137333292642,74.659426752
0.04481386761070589,74.665460605
0.04500137333292642,74.671514716
0.04481386761070589,74.677705754
0.04500137333292642,74.684810393
0.04500137333292642,74.690710181
0.04481386761070589,74.696775804
0.04500137333292642,74.702800128
0.045188879055146944,74.708833925
0.04481386761070589,74.714784808
0.04500137333292642,74.720717623
0.04500137333292642,74.726739447
0.04500137333292642,74.733747624
0.045188879055146944,74.739774084
0.045188879055146944,74.745782888
0.04481386761070589,74.751814293
0.04500137333292642,74.758102682
0.045188879055146944,74.764087316
0.04500137333292642,74.770185596
0.045188879055146944,74.776260394
0.04500137333292642,74.783503832
0.04481386761070589,74.78963128
0.04500137333292642,74.795784404
0.04481386761070589,74.802465292
0.04500137333292642,74.809937584
0.04500137333292642,74.816013784
0.04481386761070589,74.821946702
0.04481386761070589,74.827966756
0.04500137333292642,74.834033213
0.04481386761070589,74.84106946
0.04500137333292642,74.847255401
0.04500137333292642,74.853341598
0.04500137333292642,74.859655661
0.04481386761070589,74.865778524
0.04500137333292642,74.87215561
0.04500137333292642,74.878195399
0.04500137333292642,74.8841404
0.045188879055146944,74.890188213
0.045188879055146944,74.897048157
0.04481386761070589,74.903040132
0.045188879055146944,74.908984559
0.045188879055146944,74.915086169
0.04481386761070589,74.921178355
0.04500137333292642,74.92746346
0.04500137333292642,74.933740126
0.04500137333292642,74.939687054
0.04500137333292642,74.94567346
0.04500137333292642,74.952415289
0.04500137333292642,74.958651903
0.04500137333292642,74.964558357
0.045188879055146944,74.970721691
0.04500137333292642,74.976800546
0.04481386761070589,74.982895861
0.04500137333292642,74.989000548
0.045188879055146944,74.994940805
0.04500137333292642,75.001106069
0.04500137333292642,75.007941277
0.04500137333292642,75.013870082
0.04500137333292642,75.019942791
0.04500137333292642,75.025969512
0.045188879055146944,75.035957482
0.04500137333292642,75.048457844
0.04500137333292642,75.055277631
0.04500137333292642,75.061332786
0.04481386761070589,75.067470338
0.04500137333292642,75.074559709
0.04500137333292642,75.080729033
0.04500137333292642,75.086750025
0.04481386761070589,75.092510753
0.04500137333292642,75.098492625
0.04500137333292642,75.104577625
0.04500137333292642,75.111020542
0.04500137333292642,75.11705007
0.045188879055146944,75.123451891
0.04481386761070589,75.130424082
0.04500137333292642,75.136315592
0.045188879055146944,75.142387726
0.04500137333292642,75.148235642
0.04500137333292642,75.15445122
0.045188879055146944,75.160509764
0.04500137333292642,75.166530915
0.04481386761070589,75.172585343
0.04500137333292642,75.178704665
0.04500137333292642,75.18577998
0.04481386761070589,75.191960032
0.04500137333292642,75.198114359
0.04500137333292642,75.204150505
0.04500137333292642,75.210179619
0.04500137333292642,75.216159406
0.045188879055146944,75.22214597
0.04500137333292642,75.228335662
0.04500137333292642,75.23544275
0.045188879055146944,75.241694527
0.04500137333292642,75.247739267
0.04500137333292642,75.253867392
0.04500137333292642,75.259833956
0.045188879055146944,75.265764844
0.04500137333292642,75.271856145
0.04500137333292642,75.278110828
0.04500137333292642,75.284351661
0.04481386761070589,75.291369419
0.04500137333292642,75.297437961
0.04500137333292642,75.303373225
0.04500137333292642,75.309400574
0.04500137333292642,75.315477395
0.04500137333292642,75.321481875
0.04500137333292642,75.327423857
0.04481386761070589,75.333400208
0.045188879055146944,75.339552713
0.045188879055146944,75.346296571
0.04481386761070589,75.352459176
0.045188879055146944,75.358476675
0.04500137333292642,75.364673392
0.04500137333292642,75.370762249
0.04500137333292642,75.376833547
0.04500137333292642,75.382765476
0.04500137333292642,75.388792719
0.04481386761070589,75.39508746
0.04500137333292642,75.401923286
0.04500137333292642,75.408211569
0.04500137333292642,75.414143911
0.045188879055146944,75.420143914
0.04500137333292642,75.426100327
0.04500137333292642,75.432055116
0.045188879055146944,75.438148139
0.04500137333292642,75.444552565
0.04500137333292642,75.451377408
0.04500137333292642,75.457474964
0.04500137333292642,75.463552619
0.04500137333292642,75.469677312
0.045188879055146944,75.475783146
0.04500137333292642,75.481881373
0.04500137333292642,75.488090018
0.045188879055146944,75.494155802
0.04500137333292642,75.500206271
0.04481386761070589,75.506866324
0.045188879055146944,75.512988515
0.045188879055146944,75.518944557
0.04500137333292642,75.525170755
0.045188879055146944,75.531537476
0.04500137333292642,75.537440855
0.04500137333292642,75.543567887
0.04500137333292642,75.549482781
0.045188879055146944,75.556260854
0.04500137333292642,75.562331478
0.04500137333292642,75.568439603
0.045188879055146944,75.574437364
0.04500137333292642,75.580386428
0.04500137333292642,75.586396688
0.045188879055146944,75.592486324
0.04500137333292642,75.598587367
0.04481386761070589,75.604567783
0.04500137333292642,75.61171924
0.04500137333292642,75.617971271
0.04481386761070589,75.623988507
0.04500137333292642,75.629951271
0.04500137333292642,75.636075699
0.04481386761070589,75.64221976
0.04500137333292642,75.648197572
0.045188879055146944,75.654414136
0.04500137333292642,75.660417418
0.04500137333292642,75.66736174
0.04500137333292642,75.673206429
0.04500137333292642,75.679461114
0.04481386761070589,75.685610695
0.045188879055146944,75.692178974
0.04500137333292642,75.698329913
0.04481386761070589,75.704508093
0.045188879055146944,75.710835903
0.045188879055146944,75.716840381
0.04481386761070589,75.723766633
0.04500137333292642,75.729735069
0.045188879055146944,75.736002829
0.04500137333292642,75.742186216
0.045188879055146944,75.748216683
0.04500137333292642,75.754349913
0.04500137333292642,75.76047502
0.045188879055146944,75.766625491
0.04500137333292642,75.773442051
0.04500137333292642,75.779609866
0.04500137333292642,75.785637207
0.045188879055146944,75.791873767
0.04500137333292642,75.79813846
0.04500137333292642,75.804187523
0.04500137333292642,75.810441326
0.04500137333292642,75.816705022
0.04500137333292642,75.822825439
0.045188879055146944,75.829922206
0.04500137333292642,75.836025901
0.04500137333292642,75.842186781
0.04500137333292642,75.848301104
0.04500137333292642,75.854669744
0.04481386761070589,75.860834795
0.045188879055146944,75.866880679
0.04500137333292642,75.873123335
0.04500137333292642,75.879078283
0.045188879055146944,75.885799274
0.045188879055146944,75.891803702
0.04481386761070589,75.898087659
0.04500137333292642,75.904116098
0.045188879055146944,75.910344799
0.04481386761070589,75.916396674
0.04500137333292642,75.922463501
0.045188879055146944,75.928419644
0.04500137333292642,75.935398603
0.04481386761070589,75.94153261
0.045188879055146944,75.94757188
0.04500137333292642,75.953919539
0.04481386761070589,75.960430944
0.04500137333292642,75.966634377
0.04500137333292642,75.972682038
0.04481386761070589,75.978753498
0.04500137333292642,75.984865527
0.04500137333292642,75.991678911
0.04481386761070589,75.997736363
0.04500137333292642,76.003755581
0.04500137333292642,76.009919276
0.04500137333292642,76.015875942
0.04500137333292642,76.021964797
0.04500137333292642,76.028145215
0.04500137333292642,76.034204174
0.04481386761070589,76.040168498
0.045188879055146944,76.047012815
0.04500137333292642,76.053329693
0.04481386761070589,76.05938865
0.04500137333292642,76.065492917
0.04500137333292642,76.071766041
0.04481386761070589,76.077612862
0.04500137333292642,76.08373911
0.045188879055146944,76.089640723
0.04500137333292642,76.095614261
0.04500137333292642,76.102628114
0.04500137333292642,76.108707385
0.04500137333292642,76.114794053
0.04481386761070589,76.12086791
0.045188879055146944,76.127160047
0.045188879055146944,76.133276609
0.04481386761070589,76.1392815
0.04500137333292642,76.145371344
0.045188879055146944,76.151265093
0.04500137333292642,76.158192012
0.04481386761070589,76.164293578
0.04500137333292642,76.170733629
0.04481386761070589,76.176930503
0.04500137333292642,76.183200715
0.04500137333292642,76.189178159
0.04481386761070589,76.195370606
0.04481386761070589,76.201676026
0.04500137333292642,76.208295087
0.04481386761070589,76.214735403
0.04481386761070589,76.220785353
0.04500137333292642,76.226809465
0.04481386761070589,76.23288993
0.04481386761070589,76.239140871
0.04500137333292642,76.245371389
0.04500137333292642,76.251710502
0.04481386761070589,76.257709358
0.04500137333292642,76.264368475
0.04500137333292642,76.270351491
0.04481386761070589,76.276575813
0.04481386761070589,76.282910085
0.04500137333292642,76.288975241
0.044626361888485365,76.295266021
0.04500137333292642,76.301408209
0.04481386761070589,76.307425713
0.04481386761070589,76.313656031
0.04481386761070589,76.320552494
0.04500137333292642,76.326574784
0.044626361888485365,76.332489105
0.04481386761070589,76.338487015
0.04500137333292642,76.344621603
0.04481386761070589,76.350905354
0.044626361888485365,76.357112854
0.04481386761070589,76.363017281
0.04481386761070589,76.369931917
0.04481386761070589,76.375929626
0.04481386761070589,76.382259676
0.04481386761070589,76.388373949
0.04481386761070589,76.394426554
0.04481386761070589,76.400531862
0.04481386761070589,76.40671806
0.044626361888485365,76.412924
0.04481386761070589,76.419027905
0.04481386761070589,76.425833271
0.04481386761070589,76.431803484
0.04481386761070589,76.437777751
0.04481386761070589,76.443797437
0.04481386761070589,76.449842186
0.044626361888485365,76.455997132
0.04481386761070589,76.462064004
0.04481386761070589,76.468008896
0.044626361888485365,76.474099055
0.04481386761070589,76.480669159
0.044626361888485365,76.486858173
0.044626361888485365,76.492992285
0.04500137333292642,76.49903197
0.04481386761070589,76.505111347
0.04481386761070589,76.51101619
0.04481386761070589,76.516929108
0.04481386761070589,76.523015721
0.044626361888485365,76.529947748
0.04481386761070589,76.540111244
0.04481386761070589,76.552916977
0.04500137333292642,76.559802861
0.04481386761070589,76.565839108
0.044626361888485365,76.571830099
0.04481386761070589,76.577839109
0.04481386761070589,76.583765463
0.044626361888485365,76.589811973
0.04481386761070589,76.59660541
0.04481386761070589,76.602886507
0.044626361888485365,76.608990252
0.04481386761070589,76.615211713
0.04481386761070589,76.62129156
0.04481386761070589,76.62721468
0.04481386761070589,76.633265615
0.04500137333292642,76.639388378
0.04500137333292642,76.645579786
0.044626361888485365,76.652464365
0.04481386761070589,76.658486816
0.04500137333292642,76.664581395
0.044626361888485365,76.670485927
0.04481386761070589,76.67673426
0.04481386761070589,76.682796393
0.04481386761070589,76.688732174
0.04481386761070589,76.694759516
0.04481386761070589,76.70071337
0.04481386761070589,76.707739984
0.04481386761070589,76.713815553
0.04500137333292642,76.720170447
0.04500137333292642,76.726284616
0.04481386761070589,76.732384669
0.04500137333292642,76.738505198
0.04481386761070589,76.744487128
0.04481386761070589,76.750554266
0.04481386761070589,76.756504578
0.04500137333292642,76.763472805
0.04481386761070589,76.76945249
0.04481386761070589,76.775657645
0.04500137333292642,76.781533739
0.04481386761070589,76.787501086
0.04481386761070589,76.793577911
0.04481386761070589,76.799510831
0.04500137333292642,76.805653851
0.04481386761070589,76.81175552
0.04481386761070589,76.818713437
0.04481386761070589,76.824652501
0.04481386761070589,76.83080776
0.044626361888485365,76.837190156
0.04500137333292642,76.843141147
0.04500137333292642,76.849417708
0.04481386761070589,76.855422191
0.04500137333292642,76.861336353
0.04500137333292642,76.868482029
0.04481386761070589,76.874700258
0.04500137333292642,76.880826305
0.04500137333292642,76.886864537
0.04481386761070589,76.892953184
0.04500137333292642,76.899078966
0.04500137333292642,76.905089589
0.04481386761070589,76.911178494
0.04481386761070589,76.917255837
0.04481386761070589,76.924362038
0.04481386761070589,76.930552716
0.04481386761070589,76.936947715
0.04500137333292642,76.943023392
0.04500137333292642,76.949112506
0.04500137333292642,76.95513334
0.04500137333292642,76.961366413
0.04500137333292642,76.96723402
0.04481386761070589,76.973286777
0.04481386761070589,76.980471984
0.04500137333292642,76.987534751
0.04481386761070589,76.993815893
0.04500137333292642,76.999900784
0.04500137333292642,77.005961515
0.04481386761070589,77.012291777
0.04481386761070589,77.018304067
0.04481386761070589,77.02477849
0.04481386761070589,77.032476511
0.04481386761070589,77.039706982
0.04500137333292642,77.046190783
0.04481386761070589,77.052370209
0.04481386761070589,77.058327346
0.04500137333292642,77.064525311
0.04500137333292642,77.070688641
0.04481386761070589,77.077618333
0.04500137333292642,77.085037602
0.04481386761070589,77.090989166
0.04481386761070589,77.097985576
0.04500137333292642,77.104054792
0.04500137333292642,77.110210628
0.04481386761070589,77.11621006
0.04500137333292642,77.122329589
0.04500137333292642,77.128586775
0.04481386761070589,77.134585995
0.04481386761070589,77.140753599
0.04500137333292642,77.146734226
0.04481386761070589,77.153839281
0.04481386761070589,77.160040163
0.04500137333292642,77.166063963
0.04481386761070589,77.172080471
0.04481386761070589,77.178027761
0.04500137333292642,77.184293177
0.04500137333292642,77.190369695
0.04500137333292642,77.19664631
0.045188879055146944,77.202553397
0.045188879055146944,77.209229799
0.04481386761070589,77.215342139
0.045188879055146944,77.221720994
0.04500137333292642,77.227943495
0.04481386761070589,77.233942192
0.04481386761070589,77.24002657
0.04500137333292642,77.246406415
0.04500137333292642,77.252582247
0.04500137333292642,77.259830945
0.045188879055146944,77.265911359
0.04481386761070589,77.272230683
0.04500137333292642,77.278262714
0.04500137333292642,77.284563545
0.04500137333292642,77.290566563
0.04500137333292642,77.296614894
0.045188879055146944,77.302658907
0.045188879055146944,77.308727709
0.04500137333292642,77.315491511
0.045188879055146944,77.321522761
0.045188879055146944,77.328014582
0.04481386761070589,77.334103698
0.04500137333292642,77.340112967
0.045188879055146944,77.346204015
0.045188879055146944,77.352210213
0.045188879055146944,77.358357663
0.045188879055146944,77.364629744
0.04500137333292642,77.371804588
0.04500137333292642,77.377955162
0.045188879055146944,77.38403391
0.04500137333292642,77.390264273
0.045188879055146944,77.396481359
0.045376384777367475,77.402623543
0.04500137333292642,77.408897348
0.045376384777367475,77.41490724
0.045188879055146944,77.421637968
0.045188879055146944,77.427999532
0.045188879055146944,77.434005678
0.045376384777367475,77.440219735
0.045188879055146944,77.446510518
0.045188879055146944,77.452733069
0.045188879055146944,77.458769526
0.045188879055146944,77.464849839
0.045188879055146944,77.470735778
0.045376384777367475,77.477429687
0.045188879055146944,77.483483802
0.045188879055146944,77.489645623
0.045188879055146944,77.495584684
0.045188879055146944,77.501850099
0.045188879055146944,77.507982606
0.045376384777367475,77.51414037
0.045188879055146944,77.520217144
0.045188879055146944,77.527229173
0.045376384777367475,77.533411312
0.045376384777367475,77.539622096
0.045376384777367475,77.545793448
0.045376384777367475,77.551959749
0.045376384777367475,77.558018447
0.045376384777367475,77.564328658
0.045376384777367475,77.570463035
0.045376384777367475,77.57661611
0.045376384777367475,77.583755696
0.045376384777367475,77.589913819
0.045376384777367475,77.59589028
0.045188879055146944,77.601951945
0.045376384777367475,77.60819944
0.045376384777367475,77.6143434
0.045376384777367475,77.62044663
0.045563890499588,77.626397153
0.045376384777367475,77.633352207
0.045376384777367475,77.639517884
0.045563890499588,77.64565002
0.045563890499588,77.651903194
0.045563890499588,77.657788457
0.045563890499588,77.663798613
0.045563890499588,77.669929762
0.045376384777367475,77.676016324
0.045376384777367475,77.68204549
0.045563890499588,77.689006633
0.045376384777367475,77.694934863
0.045563890499588,77.700988039
0.045376384777367475,77.70705168
0.045376384777367475,77.713021523
0.045376384777367475,77.719105685
0.045563890499588,77.725186672
0.045563890499588,77.73140329
0.045376384777367475,77.738877509
0.045563890499588,77.745095263
0.045563890499588,77.75109943
0.045563890499588,77.757410372
0.04575139622180852,77.763412193
0.04575139622180852,77.769612194
0.045563890499588,77.775877088
0.04575139622180852,77.782217975
0.04575139622180852,77.788210789
0.04575139622180852,77.795274383
0.045938901944029054,77.801401778
0.04575139622180852,77.807496882
0.045563890499588,77.813651728
0.045563890499588,77.819566152
0.045563890499588,77.825721048
0.045563890499588,77.831737089
0.04575139622180852,77.837825161
0.04575139622180852,77.843914067
0.045563890499588,77.850725372
0.04575139622180852,77.856939489
0.04575139622180852,77.863244121
0.04575139622180852,77.86948516
0.04575139622180852,77.875636726
0.045938901944029054,77.881790635
0.04575139622180852,77.887806156
0.04575139622180852,77.893952666
0.045938901944029054,77.901107718
0.04575139622180852,77.907179385
0.04575139622180852,77.913231263
0.045938901944029054,77.919300999
0.045938901944029054,77.92559741
0.04575139622180852,77.931649183
0.04575139622180852,77.937701839
0.045938901944029054,77.943729546
0.04575139622180852,77.949944648
0.045938901944029054,77.957051734
0.045938901944029054,77.963182149
0.04575139622180852,77.969548606
0.045938901944029054,77.975565952
0.04612640766624958,77.981783503
0.045938901944029054,77.987861836
0.04612640766624958,77.994031786
0.04631391338847011,78.000218711
0.04612640766624958,78.006206058
0.04612640766624958,78.013265797
0.04631391338847011,78.019392677
0.04631391338847011,78.025521111
0.04612640766624958,78.031439131
0.04612640766624958,78.037579961
0.04612640766624958,78.043756834
0.04612640766624958,78.053951162
0.04612640766624958,78.06674434
0.04612640766624958,78.073199547
0.04631391338847011,78.080465694
0.04612640766624958,78.086571062
0.04612640766624958,78.092667576
0.04650141911069063,78.098569867
0.04668892483291116,78.104751691
0.04650141911069063,78.11077627
0.04650141911069063,78.116846427
0.04668892483291116,78.123034604
0.04650141911069063,78.129200641
0.04668892483291116,78.136185692
0.04668892483291116,78.142241891
0.04687643055513169,78.14828189
0.04687643055513169,78.154141323
0.04706393627735221,78.160122054
0.04668892483291116,78.166111478
0.04668892483291116,78.172181325
0.04668892483291116,78.178277466
0.04668892483291116,78.184312261
0.04668892483291116,78.191439917
0.04706393627735221,78.197667365
0.04706393627735221,78.203660227
0.04687643055513169,78.209786327
0.04687643055513169,78.215802947
0.04687643055513169,78.221828571
0.04687643055513169,78.227911015
0.04687643055513169,78.234104035
0.04706393627735221,78.240399922
0.04687643055513169,78.247626435
0.04687643055513169,78.253735916
0.04706393627735221,78.259770497
0.04687643055513169,78.265937685
0.04668892483291116,78.272105604
0.04706393627735221,78.278400704
0.04706393627735221,78.284453983
0.04687643055513169,78.290433253
0.04687643055513169,78.296444866
0.04706393627735221,78.303522675
0.04687643055513169,78.309627259
0.04687643055513169,78.315750179
0.04706393627735221,78.321932158
0.04725144199957274,78.32795226
0.04725144199957274,78.334015178
0.04725144199957274,78.340112
0.04725144199957274,78.346246272
0.04706393627735221,78.352417828
0.04725144199957274,78.359224757
0.04725144199957274,78.365233349
0.04706393627735221,78.371349911
0.04706393627735221,78.377518612
0.04725144199957274,78.383495277
0.04706393627735221,78.389567877
0.04706393627735221,78.395752512
0.04725144199957274,78.401724336
0.04725144199957274,78.407785591
0.04706393627735221,78.414597828
0.04725144199957274,78.420646634
0.04725144199957274,78.426861947
0.04725144199957274,78.432763877
0.047438947721793266,78.438986116
0.047438947721793266,78.445335073
0.04706393627735221,78.451760333
0.04725144199957274,78.457942096
0.047438947721793266,78.46511689
0.04725144199957274,78.471283974
0.04725144199957274,78.477433289
0.04725144199957274,78.483579851
0.047438947721793266,78.489439853
0.04725144199957274,78.495523394
0.047438947721793266,78.501577561
0.04725144199957274,78.50764079
0.04706393627735221,78.513603134
0.047438947721793266,78.520463392
0.047438947721793266,78.526601568
0.04725144199957274,78.532974748
0.04725144199957274,78.539091521
0.047438947721793266,78.545238291
0.04725144199957274,78.55155506
0.047438947721793266,78.557724693
0.0476264534440138,78.563915528
0.047438947721793266,78.569855952
0.047438947721793266,78.576699807
0.0476264534440138,78.582755541
0.0476264534440138,78.588809084
0.047438947721793266,78.595070594
0.0476264534440138,78.601027995
0.04781395916623432,78.607107581
0.047438947721793266,78.613078827
0.047438947721793266,78.619040495
0.047438947721793266,78.625186745
0.04725144199957274,78.632227215
0.047438947721793266,78.638416852
0.0476264534440138,78.644554767
0.047438947721793266,78.650810597
0.047438947721793266,78.657035076
0.0476264534440138,78.663394294
0.0476264534440138,78.669501217
0.0476264534440138,78.675621214
0.04781395916623432,78.681672671
0.04781395916623432,78.688541264
0.0476264534440138,78.694655636
0.04800146488845485,78.700851838
0.04781395916623432,78.706897886
0.047438947721793266,78.713145858
0.047438947721793266,78.71909992
0.04781395916623432,78.725111743
0.04781395916623432,78.731293622
0.04781395916623432,78.737483623
0.04781395916623432,78.744650288
0.047438947721793266,78.750818308
0.0476264534440138,78.756982474
0.04781395916623432,78.763218096
0.04781395916623432,78.769592212
0.0476264534440138,78.775734973
0.04781395916623432,78.781892159
0.048188970610675376,78.788091324
0.04800146488845485,78.795172105
0.04781395916623432,78.801416897
0.0476264534440138,78.807488668
0.04725144199957274,78.813527054
0.0476264534440138,78.819557786
0.04781395916623432,78.825715382
0.0476264534440138,78.831708923
0.0476264534440138,78.837711163
0.04781395916623432,78.843785744
0.0476264534440138,78.850599859
0.047438947721793266,78.856675486
0.0476264534440138,78.862728246
0.0476264534440138,78.869058817
0.0476264534440138,78.87490965
0.04781395916623432,78.881034915
0.04781395916623432,78.887076268
0.047438947721793266,78.893038039
0.0476264534440138,78.899138504
0.04781395916623432,78.905836991
0.0476264534440138,78.912047723
0.04725144199957274,78.918129442
0.047438947721793266,78.92406778
0.047438947721793266,78.930221894
0.04725144199957274,78.936240326
0.047438947721793266,78.94228835
0.047438947721793266,78.948284708
0.04706393627735221,78.954378508
0.04725144199957274,78.961656991
0.0476264534440138,78.96780876
0.04725144199957274,78.973885843
0.047438947721793266,78.979936516
0.04725144199957274,78.986026103
0.04725144199957274,78.99191876
0.047438947721793266,78.998072405
0.047438947721793266,79.004194174
0.04725144199957274,79.010330475
0.04706393627735221,79.017145942
0.0476264534440138,79.023197714
0.0476264534440138,79.02933506
0.0476264534440138,79.035401359
0.047438947721793266,79.041678857
0.0476264534440138,79.047812347
0.0476264534440138,79.053895528
0.0476264534440138,79.060010373
0.0476264534440138,79.066191727
0.047438947721793266,79.073084073
0.047438947721793266,79.079214335
0.04781395916623432,79.085529024
0.04781395916623432,79.091530589
0.047438947721793266,79.097698089
0.0476264534440138,79.103702152
0.0476264534440138,79.10979127
0.0476264534440138,79.115835382
0.048188970610675376,79.121712308
0.04912649922177801,79.128869287
0.04987652211066012,79.134936371
0.050251533555101174,79.141077412
0.050251533555101174,79.147240693
0.04968901638843959,79.153242153
0.04931400494399854,79.159277986
0.049501510666219065,79.16542653
0.04968901638843959,79.171576165
0.04987652211066012,79.178603147
0.050251533555101174,79.184678772
0.05006402783288064,79.190846427
0.049501510666219065,79.196961683
0.049501510666219065,79.203046525
0.04968901638843959,79.209182773
0.04968901638843959,79.215381474
0.04987652211066012,79.221461523
0.05006402783288064,79.227571107
0.05006402783288064,79.234363135
0.050251533555101174,79.240718448
0.05100155644398328,79.247377769
0.05156407361064486,79.255088341
0.052126590777306435,79.261448703
0.052876613666188545,79.267436932
0.052689107943968014,79.273586774
0.05306411938840907,79.279686411
0.05418915372173223,79.285834324
0.05456416516617328,79.292850212
0.05437665944395276,79.299091046
0.05437665944395276,79.305401931
0.05437665944395276,79.311430206
0.05381414227729118,79.317432704
0.05362663655507065,79.323446296
0.05418915372173223,79.329425052
0.05456416516617328,79.335417499
0.05437665944395276,79.341509378
0.05437665944395276,79.348443024
0.05456416516617328,79.354472451
0.054939176610614336,79.360408906
0.056251716666158025,79.366615208
0.056814233832819604,79.372628541
0.057001739555040135,79.378652184
0.056814233832819604,79.38479041
0.057001739555040135,79.390779886
0.05718924527726066,79.396947071
0.05718924527726066,79.404634778
0.05756425672170171,79.410541709
0.05756425672170171,79.416543117
0.05737675099948119,79.422491814
0.05737675099948119,79.428487802
0.05737675099948119,79.434433008
0.05737675099948119,79.440483996
0.05756425672170171,79.44664483
0.057751762443922244,79.452674517
0.05756425672170171,79.459662694
0.05793926816614277,79.465551389
0.05906430249946593,79.471798474
0.05962681966612751,79.477676126
0.059814325388348036,79.483593939
0.060376842555009615,79.489706595
0.06056434827723014,79.495643259
0.060939359721671194,79.501713253
0.06131437116611225,79.507835595
0.06112686544389172,79.515012735
0.060939359721671194,79.521095126
0.06112686544389172,79.526927258
0.06131437116611225,79.533204448
0.06112686544389172,79.539041268
0.06112686544389172,79.545148199
0.06150187688833277,79.551136019
0.06131437116611225,79.561277844
0.06112686544389172,79.574327223
0.06075185399945066,79.581833575
0.060939359721671194,79.587929722
0.0616893826105533,79.594052846
0.0616893826105533,79.600112116
0.060189336832789084,79.606133733
0.05943931394390698,79.612298682
0.059814325388348036,79.618073421
0.060939359721671194,79.62424379
0.060939359721671194,79.630454985
0.06000183111056856,79.637423583
0.05925180822168646,79.643614001
0.059814325388348036,79.649601398
0.06056434827723014,79.655675722
0.06056434827723014,79.661706713
0.06000183111056856,79.667710828
0.059814325388348036,79.673673274
0.060189336832789084,79.679861974
0.06056434827723014,79.685863437
0.06056434827723014,79.692774011
0.059814325388348036,79.699035154
0.05962681966612751,79.705083908
0.06000183111056856,79.711355525
0.05962681966612751,79.717508234
0.05868929105502488,79.723755631
0.05831427961058382,79.72981001
0.05868929105502488,79.735930533
0.0588767967772454,79.743287097
0.0588767967772454,79.749445533
0.05850178533280435,79.755409283
0.05831427961058382,79.761316215
0.05850178533280435,79.767522781
0.0588767967772454,79.77357695
0.05868929105502488,79.77959919
0.05812677388836329,79.785760337
0.05850178533280435,79.791831327
0.0588767967772454,79.798763311
0.05868929105502488,79.80511888
0.05868929105502488,79.811330136
0.05850178533280435,79.817377017
0.05868929105502488,79.823760607
0.06000183111056856,79.82981342
0.0616893826105533,79.83574342
0.06206439405499435,79.841962226
0.06187688833277383,79.84806858
0.0616893826105533,79.854828685
0.06150187688833277,79.860927536
0.0616893826105533,79.866989826
0.06225189977721488,79.872893628
0.06225189977721488,79.878938002
0.06150187688833277,79.885004307
0.060939359721671194,79.890882737
0.060376842555009615,79.896886905
0.060376842555009615,79.902885344
0.060376842555009615,79.909778051
0.06131437116611225,79.916151334
0.06150187688833277,79.922336232
0.0616893826105533,79.928357844
0.0637519455549791,79.93440779
0.06993963438825648,79.940718154
0.07425226599932859,79.946686491
0.07462727744376964,79.952795292
0.07350224311044648,79.958837738
0.07275222022156437,79.965942476
0.07350224311044648,79.972025391
0.07462727744376964,79.978038465
0.07481478316599018,79.984196793
0.07425226599932859,79.990416167
0.07350224311044648,79.996652893
0.07387725455488754,80.002626594
0.07406476027710807,80.008600761
0.07387725455488754,80.014795445
0.07350224311044648,80.021966853
0.07406476027710807,80.028281281
0.07481478316599018,80.034253155
0.07518979461043124,80.040377113
0.0750022888882107,80.046445496
0.07556480605487229,80.052432425
0.07593981749931333,80.058660807
0.07556480605487229,80.064626589
0.07462727744376964,80.070760807
0.07406476027710807,80.077895907
0.07443977172154913,80.083880026
0.07537730033265175,80.089987788
0.0763148289437544,80.096031069
0.07556480605487229,80.102095705
0.07350224311044648,80.108045342
0.07312723166600543,80.114145135
0.07425226599932859,80.120166281
0.07518979461043124,80.127517843
0.07537730033265175,80.133540554
0.07443977172154913,80.139455709
0.07387725455488754,80.14562378
0.07406476027710807,80.15158295
0.07481478316599018,80.157717117
0.0750022888882107,80.163894412
0.07387725455488754,80.170069931
0.07237720877712332,80.176004045
0.07181469161046175,80.183151962
0.07181469161046175,80.189319723
0.07162718588824123,80.195242532
0.07125217444380018,80.20147149
0.07162718588824123,80.207371802
0.07331473738822596,80.213439199
0.07293972594378491,80.219500765
0.07125217444380018,80.225576338
0.07031464583269753,80.231708734
0.07143968016602069,80.238536395
0.07293972594378491,80.244711915
0.07256471449934386,80.251001967
0.07162718588824123,80.257260557
0.07068965727713858,80.263380397
0.07162718588824123,80.269451648
0.07368974883266702,80.27557159
0.07425226599932859,80.281515601
0.07293972594378491,80.287618882
0.07443977172154913,80.294612839
0.07593981749931333,80.300819247
0.0763148289437544,80.306734301
0.07556480605487229,80.312931279
0.07518979461043124,80.318923779
0.07575231177709281,80.325001696
0.07687734611041597,80.33114102
0.07687734611041597,80.337426332
0.07575231177709281,80.343657636
0.07481478316599018,80.350584198
0.07537730033265175,80.356592324
0.0763148289437544,80.362610606
0.07593981749931333,80.368679039
0.07537730033265175,80.37484534
0.07575231177709281,80.380755498
0.07893990905484177,80.386818259
0.08231501205481125,80.392923831
0.08287752922147283,80.399119196
0.08156498916592914,80.406121386
0.08137748344370861,80.412098992
0.08306503494369334,80.418235657
0.08362755211035494,80.424273317
0.08325254066591388,80.430436493
0.08287752922147283,80.436479831
0.0834400463881344,80.442483423
0.08381505783257545,80.448461654
0.0834400463881344,80.454510563
0.08231501205481125,80.461435041
0.08212750633259072,80.467403893
0.08250251777703177,80.473526761
0.08362755211035494,80.479575822
0.0826900234992523,80.485782232
0.08137748344370861,80.49174744
0.08175249488814966,80.49789416
0.08719016083254494,80.50433166
0.08887771233252967,80.511546347
0.08531510361033967,80.51779734
0.08194000061037018,80.523876405
0.08175249488814966,80.53013203
0.08156498916592914,80.536163904
0.07800238044373912,80.542400465
0.07406476027710807,80.548444582
0.07050215155491807,80.55441745
0.06993963438825648,80.560634738
0.07237720877712332,80.567569475
0.07443977172154913,80.573774422
0.07481478316599018,80.579801349
0.07331473738822596,80.58578833
0.07162718588824123,80.591872446
0.07181469161046175,80.597788226
0.07256471449934386,80.604057074
0.0721897030549028,80.610121654
0.07031464583269753,80.61621931
0.06787707144383069,80.623141861
0.06525199133274331,80.629135618
0.06412695699942016,80.635066239
0.06468947416608173,80.6411465
0.06637702566606647,80.647235561
0.06712704855494858,80.653156861
0.06675203711050752,80.659247278
0.06525199133274331,80.665278582
0.06412695699942016,80.671459049
0.06431446272164067,80.678371968
0.06562700277718436,80.684417179
0.06637702566606647,80.690860774
0.06581450849940489,80.696973117
0.06525199133274331,80.703093222
0.06487697988830225,80.709054318
0.06525199133274331,80.71519067
0.06562700277718436,80.72122765
0.06300192266609698,80.72724348
0.059814325388348036,80.734440928
0.05925180822168646,80.740515039
0.0588767967772454,80.746683475
0.05868929105502488,80.752792484
0.0588767967772454,80.759155819
0.05906430249946593,80.765176028
0.05925180822168646,80.771330304
0.05943931394390698,80.777460565
0.0588767967772454,80.783631398
0.05831427961058382,80.790904158
0.05812677388836329,80.796936091
0.05925180822168646,80.802720568
0.059814325388348036,80.808658794
0.05868929105502488,80.814685147
0.05812677388836329,80.820753324
0.05850178533280435,80.826828482
0.05906430249946593,80.833287439
0.05925180822168646,80.839455929
0.05962681966612751,80.846629521
0.06000183111056856,80.852497329
0.06075185399945066,80.85866842
0.06187688833277383,80.864651804
0.06187688833277383,80.870703784
0.06112686544389172,80.876891017
0.06131437116611225,80.883053987
0.06187688833277383,80.889352114
0.06187688833277383,80.896577798
0.06150187688833277,80.902666235
0.06112686544389172,80.9086803
0.06112686544389172,80.914641291
0.06150187688833277,80.920655665
0.06187688833277383,80.926649728
0.06150187688833277,80.932713372
0.06112686544389172,80.938644152
0.0616893826105533,80.944852534
0.06206439405499435,80.951719616
0.06206439405499435,80.957801284
0.06187688833277383,80.963836646
0.06112686544389172,80.969938054
0.06056434827723014,80.976009823
0.06056434827723014,80.982075813
0.06075185399945066,80.988307116
0.06056434827723014,80.994373625
0.060189336832789084,81.000580347
0.06000183111056856,81.007665036
0.06000183111056856,81.013647013
0.06000183111056856,81.019802482
0.060376842555009615,81.02580587
0.060376842555009615,81.031906493
0.06000183111056856,81.037890662
0.059814325388348036,81.043832015
0.06000183111056856,81.050093269
0.060189336832789084,81.056272282
0.06000183111056856,81.063158948
0.06056434827723014,81.069107593
0.05793926816614277,81.079583477
0.0540016479995117,81.092631704
0.05175157933286539,81.099202281
0.05156407361064486,81.105153687
0.05156407361064486,81.111572958
0.052126590777306435,81.117557799
0.052689107943968014,81.12374259
0.052689107943968014,81.130663061
0.052126590777306435,81.136633217
0.05193908505508591,81.142739882
0.05193908505508591,81.148860353
0.052126590777306435,81.155006913
0.05231409649952696,81.161001912
0.05250160222174749,81.166991707
0.052126590777306435,81.173178689
0.05175157933286539,81.17948869
0.05193908505508591,81.186701343
0.052126590777306435,81.192651188
0.05193908505508591,81.198749834
0.05156407361064486,81.204787438
0.05118906216620381,81.210828172
0.05062654499954222,81.216926299
0.05062654499954222,81.222906247
0.05081405072176275,81.228994164
0.05081405072176275,81.235064008
0.05062654499954222,81.242121668
0.05062654499954222,81.248132865
0.05062654499954222,81.2541825
0.050251533555101174,81.260214168
0.0504390392773217,81.266191354
0.05062654499954222,81.272476872
0.05062654499954222,81.27845791
0.0504390392773217,81.284694212
0.0504390392773217,81.290936293
0.050251533555101174,81.298126554
0.050251533555101174,81.304176296
0.0504390392773217,81.310191712
0.0504390392773217,81.316310202
0.04987652211066012,81.32244458
0.049501510666219065,81.328484837
0.04968901638843959,81.334629676
0.04968901638843959,81.340629418
0.04987652211066012,81.346769836
0.04987652211066012,81.353764888
0.049501510666219065,81.359940934
0.049501510666219065,81.366166511
0.04987652211066012,81.372311512
0.04987652211066012,81.378286044
0.049501510666219065,81.38433375
0.04968901638843959,81.390626928
0.04968901638843959,81.396732552
0.04987652211066012,81.402801979
0.05006402783288064,81.409977239
0.04968901638843959,81.416063902
0.049501510666219065,81.422118696
0.04987652211066012,81.428116562
0.05006402783288064,81.434293387
0.04968901638843959,81.440277763
0.049501510666219065,81.446409999
0.04987652211066012,81.452468907
0.050251533555101174,81.45967344
0.050251533555101174,81.465946099
0.05006402783288064,81.472065475
0.04968901638843959,81.478064016
0.049501510666219065,81.485671049
0.05006402783288064,81.492736833
0.05006402783288064,81.49887673
0.04968901638843959,81.505098139
0.04968901638843959,81.511192519
0.04987652211066012,81.518328252
0.05006402783288064,81.524499606
0.05006402783288064,81.530303253
0.05006402783288064,81.536407207
0.05006402783288064,81.542561527
0.05006402783288064,81.548729495
0.05006402783288064,81.55490616
0.05006402783288064,81.561111214
0.04987652211066012,81.567075535
0.050251533555101174,81.573978297
0.050251533555101174,81.580233766
0.05006402783288064,81.586219645
0.05006402783288064,81.5923535
0.05006402783288064,81.598421469
0.04987652211066012,81.604567041
0.04987652211066012,81.610711262
0.05006402783288064,81.616894072
0.05006402783288064,81.623101055
0.05006402783288064,81.630192931
0.050251533555101174,81.636282309
0.050251533555101174,81.642330799
0.05006402783288064,81.648502729
0.050251533555101174,81.654584916
0.050251533555101174,81.660600541
0.04987652211066012,81.666871427
0.05006402783288064,81.672853359
0.04987652211066012,81.679121898
0.04968901638843959,81.68611206
0.04987652211066012,81.69213805
0.04987652211066012,81.698343201
0.04987652211066012,81.704405703
0.04987652211066012,81.710446902
0.04987652211066012,81.716555702
0.04968901638843959,81.722875497
0.04968901638843959,81.728854506
0.04987652211066012,81.734956536
0.04987652211066012,81.741623204
0.04968901638843959,81.747547895
0.04987652211066012,81.753786799
0.04987652211066012,81.759731749
0.049501510666219065,81.765786858
0.04968901638843959,81.771778682
0.04987652211066012,81.777850606
0.049501510666219065,81.783916544
0.049501510666219065,81.789952482
0.049501510666219065,81.797211178
0.049501510666219065,81.803270503
0.04931400494399854,81.809458424
0.04931400494399854,81.81533811
0.04931400494399854,81.821383681
0.04931400494399854,81.827489619
0.04931400494399854,81.833692431
0.049501510666219065,81.839900141
0.04931400494399854,81.846948631
0.04931400494399854,81.853229937
0.04931400494399854,81.859275823
0.04931400494399854,81.865430297
0.04931400494399854,81.871471338
0.04931400494399854,81.877471916
0.048938993499557486,81.883797751
0.04856398205511643,81.889848636
0.04856398205511643,81.896030822
0.04856398205511643,81.902948634
0.0483764763328959,81.909213166
0.04856398205511643,81.915086711
0.0483764763328959,81.921165568
0.048188970610675376,81.927312966
0.048188970610675376,81.93348609
0.0483764763328959,81.939604681
0.0483764763328959,81.945791086
0.0483764763328959,81.951787334
0.0483764763328959,81.958641402
0.0483764763328959,81.964736557
0.048188970610675376,81.970774426
0.0483764763328959,81.976834892
0.04856398205511643,81.983044996
0.048188970610675376,81.98927426
0.048188970610675376,81.995474362
0.047438947721793266,82.00143014
0.04725144199957274,82.007593006
0.047438947721793266,82.014415875
0.047438947721793266,82.020357746
0.04725144199957274,82.026279203
0.04725144199957274,82.032465247
0.047438947721793266,82.038727017
0.04687643055513169,82.044690298
0.04706393627735221,82.050647484
0.04706393627735221,82.056662275
0.04706393627735221,82.063652697
0.04725144199957274,82.069605036
0.04725144199957274,82.075709831
0.04687643055513169,82.082064156
0.04687643055513169,82.088060462
0.04725144199957274,82.094163747
0.04706393627735221,82.100128384
0.04687643055513169,82.106160991
0.04650141911069063,82.112164435
0.04631391338847011,82.1211161
0.04612640766624958,82.127234486
0.04631391338847011,82.133410578
0.04631391338847011,82.139587867
0.045938901944029054,82.145609851
0.04612640766624958,82.151829067
0.04612640766624958,82.158010474
0.04612640766624958,82.164171521
0.04612640766624958,82.171113186
0.04612640766624958,82.177278241
0.045938901944029054,82.183310165
0.04612640766624958,82.189483446
0.04612640766624958,82.195515791
0.045938901944029054,82.201557349
0.04612640766624958,82.20755152
0.04612640766624958,82.213741835
0.045938901944029054,82.220015064
0.04575139622180852,82.226798503
0.04575139622180852,82.232826058
0.045563890499588,82.239144079
0.045563890499588,82.245147776
0.045563890499588,82.251378297
0.045376384777367475,82.25742152
0.045563890499588,82.263814226
0.045376384777367475,82.269916831
0.045563890499588,82.276691986
0.045563890499588,82.282792348
0.045563890499588,82.28884026
0.045376384777367475,82.294869218
0.045376384777367475,82.300837086
0.04575139622180852,82.307105057
0.045563890499588,82.313289845
0.045376384777367475,82.319590156
0.04575139622180852,82.325839012
0.045563890499588,82.332690259
0.045376384777367475,82.338678067
0.045376384777367475,82.344648798
0.045188879055146944,82.350825208
0.04500137333292642,82.356862864
0.045188879055146944,82.362964476
0.045188879055146944,82.369081035
0.045188879055146944,82.375126922
0.04500137333292642,82.381195884
0.045188879055146944,82.388034635
0.045188879055146944,82.394375832
0.04500137333292642,82.400419322
0.04500137333292642,82.406651293
0.04500137333292642,82.41275004
0.04500137333292642,82.418943066
0.045188879055146944,82.425177079
0.045188879055146944,82.431113591
0.04500137333292642,82.437541972
0.04500137333292642,82.444378589
0.045188879055146944,82.450365726
0.04500137333292642,82.456417132
0.04481386761070589,82.462478487
0.04500137333292642,82.468691246
0.04500137333292642,82.474769428
0.044626361888485365,82.480885573
0.04481386761070589,82.486914898
0.04481386761070589,82.493171247
0.04481386761070589,82.500130881
0.04481386761070589,82.506129781
0.04481386761070589,82.512234109
0.044626361888485365,82.51819224
0.04481386761070589,82.524292239
0.04481386761070589,82.530419896
0.044626361888485365,82.536463596
0.04481386761070589,82.542453909
0.04500137333292642,82.549522873
0.04481386761070589,82.555496053
0.044626361888485365,82.56183356
0.04481386761070589,82.568118718
0.044626361888485365,82.574384861
0.044626361888485365,82.580660225
0.04481386761070589,82.590460178
0.044626361888485365,82.603031115
0.044626361888485365,82.609614602
0.044626361888485365,82.616748348
0.04481386761070589,82.62287387
0.044626361888485365,82.628944808
0.044626361888485365,82.635008299
0.044438856166264834,82.641403455
0.044626361888485365,82.647709029
0.044626361888485365,82.653751164
0.044626361888485365,82.65996538
0.04481386761070589,82.666139078
0.044626361888485365,82.673503973
0.044626361888485365,82.679859182
0.044626361888485365,82.686093398
0.044626361888485365,82.692297406
0.044626361888485365,82.698365633
0.04481386761070589,82.704697143
0.044626361888485365,82.710806205
0.044438856166264834,82.717056466
0.044626361888485365,82.723988233
0.044626361888485365,82.730420832
0.044626361888485365,82.736614943
0.044626361888485365,82.742742133
0.04481386761070589,82.749045463
0.044626361888485365,82.75515515
0.044626361888485365,82.761349367
0.044626361888485365,82.76772791
0.044626361888485365,82.773957443
0.044626361888485365,82.781161924
0.04481386761070589,82.787414998
0.044626361888485365,82.793723386
0.044626361888485365,82.799774117
0.044626361888485365,82.805984844
0.044626361888485365,82.812248445
0.044626361888485365,82.818669798
0.04481386761070589,82.82528193
0.044626361888485365,82.83182823
0.044626361888485365,82.839121562
0.04481386761070589,82.845373439
0.044626361888485365,82.851761614
0.044626361888485365,82.857925992
0.044626361888485365,82.864329745
0.04481386761070589,82.870729798
0.044438856166264834,82.876596519
0.044626361888485365,82.882789643
0.044626361888485365,82.888923081
0.044626361888485365,82.896035267
0.044626361888485365,82.902344537
0.04481386761070589,82.908630164
0.044626361888485365,82.914781096
0.044626361888485365,82.921549478
0.044626361888485365,82.928020886
0.044626361888485365,82.934468076
0.044626361888485365,82.940933282
0.04481386761070589,82.947727497
0.04481386761070589,82.953636924
0.044626361888485365,82.959865826
0.044626361888485365,82.96618666
0.044626361888485365,82.972331403
0.044626361888485365,82.978464009
0.044626361888485365,82.984833121
0.044626361888485365,82.991083074
0.044626361888485365,82.99785083
0.044626361888485365,83.005238484
0.04481386761070589,83.011645254
0.044626361888485365,83.018018222
0.044626361888485365,83.024479418
0.04481386761070589,83.030583841
0.04481386761070589,83.03666087
0.044438856166264834,83.043081545
0.04481386761070589,83.049401908
0.04481386761070589,83.056227898
0.044626361888485365,83.063515292
0.04481386761070589,83.069755808
0.04481386761070589,83.076110498
0.044626361888485365,83.082354671
0.04481386761070589,83.088634823
0.04481386761070589,83.094933884
0.044626361888485365,83.101255291
0.044626361888485365,83.107546903
0.04481386761070589,83.113950238
0.044438856166264834,83.121384925
0.044626361888485365,83.127655603
0.04481386761070589,83.13384618
0.044626361888485365,83.140112537
0.044626361888485365,83.146533939
0.04481386761070589,83.152872953
0.044626361888485365,83.159251079
0.044626361888485365,83.165464305
0.04481386761070589,83.171707898
0.04481386761070589,83.178949403
0.044626361888485365,83.185491124
0.04481386761070589,83.191855555
0.044626361888485365,83.198133107
0.044626361888485365,83.204423266
0.044626361888485365,83.210603474
0.04481386761070589,83.216485347
0.044626361888485365,83.222720975
0.044626361888485365,83.229990869
0.044626361888485365,83.236935453
0.044438856166264834,83.242876081
0.04481386761070589,83.249127114
0.044626361888485365,83.255241175
0.044626361888485365,83.261504196
0.04481386761070589,83.267895917
0.044626361888485365,83.274155605
0.044626361888485365,83.280330969
0.04481386761070589,83.287339924
0.04481386761070589,83.2936093
0.044626361888485365,83.29987253
0.04481386761070589,83.306351382
0.04481386761070589,83.312988049
0.044626361888485365,83.319216428
0.044626361888485365,83.325371114
0.04481386761070589,83.331398042
0.044626361888485365,83.337309082
0.044626361888485365,83.344507361
0.044626361888485365,83.351022052
0.044626361888485365,83.357438977
0.04481386761070589,83.363587934
0.044626361888485365,83.369745701
0.044626361888485365,83.376017264
0.044626361888485365,83.382285857
0.04481386761070589,83.388377209
0.04481386761070589,83.394789397
0.044626361888485365,83.402028667
0.04500137333292642,83.408273043
0.04500137333292642,83.414377782
0.04481386761070589,83.420522727
0.04481386761070589,83.426777363
0.04500137333292642,83.43305908
0.04481386761070589,83.439360173
0.04481386761070589,83.445983146
0.04500137333292642,83.453297834
0.04481386761070589,83.459566168
0.044626361888485365,83.46599122
0.04481386761070589,83.472207472
0.044626361888485365,83.4783244
0.044626361888485365,83.484753409
0.04481386761070589,83.49106981
0.04481386761070589,83.497612877
0.04481386761070589,83.503896421
0.04500137333292642,83.511105537
0.045188879055146944,83.517195332
0.045188879055146944,83.523405856
0.045188879055146944,83.529528773
0.045188879055146944,83.535765909
0.04500137333292642,83.542063156
0.045188879055146944,83.548308002
0.045376384777367475,83.554621388
0.045188879055146944,83.560835401
0.045188879055146944,83.56791759
0.045188879055146944,83.574243893
0.04481386761070589,83.58041426
0.04500137333292642,83.586827751
0.04500137333292642,83.592893484
0.04481386761070589,83.599253437
0.04500137333292642,83.60542089
0.045188879055146944,83.611724642
0.04500137333292642,83.618029067
0.04500137333292642,83.625093603
0.045376384777367475,83.631495738
0.045563890499588,83.637786368
0.04575139622180852,83.644010586
0.04575139622180852,83.650155166
0.045563890499588,83.656629593
0.045376384777367475,83.662701469
0.045563890499588,83.668972044
0.045563890499588,83.676279234
0.045563890499588,83.682586109
0.045563890499588,83.689014237
0.045376384777367475,83.695106061
0.045188879055146944,83.701558201
0.045376384777367475,83.70798877
0.045376384777367475,83.713964237
0.045188879055146944,83.720601429
0.045376384777367475,83.727455128
0.045376384777367475,83.736226641
0.045563890499588,83.742333988
0.045563890499588,83.748349823
0.045376384777367475,83.754405706
0.045376384777367475,83.760358521
0.045563890499588,83.76644602
0.045563890499588,83.772516801
0.045188879055146944,83.778675231
0.045563890499588,83.784691585
0.045563890499588,83.791675284
0.045376384777367475,83.797645593
0.045376384777367475,83.803701213
0.045376384777367475,83.809782147
0.045376384777367475,83.815765223
0.045563890499588,83.821680062
0.045563890499588,83.82769725
0.045376384777367475,83.83393652
0.045376384777367475,83.84148522
0.045563890499588,83.847656994
0.045376384777367475,83.853465899
0.045376384777367475,83.859585485
0.045563890499588,83.865650484
0.045376384777367475,83.871726791
0.045376384777367475,83.877769655
0.045563890499588,83.884046216
0.045376384777367475,83.890897831
0.045376384777367475,83.899178716
0.045563890499588,83.906441686
0.045376384777367475,83.913691477
0.045563890499588,83.920769338
0.045376384777367475,83.927003038
0.045376384777367475,83.932966521
0.045376384777367475,83.939196107
0.045563890499588,83.945486262
0.045376384777367475,83.951741261
0.045563890499588,83.95864741
0.045376384777367475,83.964817933
0.045376384777367475,83.971143501
0.045563890499588,83.977522094
0.045563890499588,83.983703348
0.045188879055146944,83.99007772
0.045563890499588,83.996199279
0.045376384777367475,84.00246277
0.045376384777367475,84.00972881
0.045376384777367475,84.015992972
0.045376384777367475,84.022104168
0.045376384777367475,84.02830245
0.045563890499588,84.034466721
0.045563890499588,84.040610523
0.045376384777367475,84.046721564
0.045563890499588,84.052929378
0.045563890499588,84.05905938
0.045376384777367475,84.065963034
0.045376384777367475,84.072173762
0.045376384777367475,84.078562881
0.045376384777367475,84.084829915
0.045563890499588,84.091199082
0.045376384777367475,84.097397676
0.045376384777367475,84.103698353
0.045376384777367475,84.109731687
0.045376384777367475,84.116415535
0.045376384777367475,84.122653608
0.045376384777367475,84.133252099
0.045376384777367475,84.146265014
0.045376384777367475,84.153212668
0.045376384777367475,84.15954194
0.045376384777367475,84.165948449
0.045376384777367475,84.172107929
0.045376384777367475,84.178255743
0.045376384777367475,84.185474704
0.045563890499588,84.191776792
0.045376384777367475,84.198203825
0.045376384777367475,84.204631736
0.045376384777367475,84.210667934
0.045376384777367475,84.216790792
0.045376384777367475,84.223118296
0.045188879055146944,84.229426162
0.045376384777367475,84.235838301
0.045188879055146944,84.242865544
0.045376384777367475,84.249151794
0.045376384777367475,84.255408775
0.045188879055146944,84.261486217
0.045376384777367475,84.267742725
0.045563890499588,84.273958507
0.045376384777367475,84.280254753
0.045188879055146944,84.28649329
0.045376384777367475,84.292502666
0.045188879055146944,84.299549026
0.045188879055146944,84.305954594
0.045376384777367475,84.312067715
0.045376384777367475,84.31838839
0.04500137333292642,84.324466617
0.045376384777367475,84.330838957
0.045563890499588,84.337117967
0.045563890499588,84.343360202
0.045376384777367475,84.350532443
0.045563890499588,84.356898591
0.045563890499588,84.363106301
0.04575139622180852,84.369289845
0.045563890499588,84.375404432
0.045563890499588,84.381649856
0.045563890499588,84.387734025
0.045563890499588,84.39416809
0.04575139622180852,84.400612827
0.04575139622180852,84.407592775
0.045563890499588,84.413812674
0.045376384777367475,84.420156526
0.04575139622180852,84.426237413
0.04575139622180852,84.432362046
0.04575139622180852,84.438641522
0.04575139622180852,84.445014233
0.045938901944029054,84.45111033
0.045938901944029054,84.458437311
0.045938901944029054,84.464660072
0.04575139622180852,84.471107673
0.04575139622180852,84.477454914
0.04612640766624958,84.483577778
0.04612640766624958,84.490091054
0.04575139622180852,84.496513188
0.045938901944029054,84.502547717
0.045938901944029054,84.508675116
0.045938901944029054,84.515653765
0.045938901944029054,84.521900377
0.045938901944029054,84.528194808
0.04575139622180852,84.534554803
0.045938901944029054,84.540751726
0.04612640766624958,84.546860004
0.04612640766624958,84.553158651
0.045938901944029054,84.559230061
0.045938901944029054,84.565480998
0.04612640766624958,84.572592298
0.04575139622180852,84.578741152
0.045938901944029054,84.584919898
0.045938901944029054,84.591217137
0.045938901944029054,84.597352657
0.045938901944029054,84.603591509
0.04612640766624958,84.609937601
0.045938901944029054,84.616088849
0.045938901944029054,84.622349218
0.04631391338847011,84.629339636
0.045938901944029054,84.635481086
0.045938901944029054,84.641750561
0.04612640766624958,84.648022801
0.045938901944029054,84.654193379
0.045938901944029054,84.660406663
0.04575139622180852,84.666956035
0.04575139622180852,84.673079627
0.04575139622180852,84.680319164
0.045563890499588,84.686755571
0.04575139622180852,84.69273974
0.04575139622180852,84.698985
0.04575139622180852,84.705108022
0.04575139622180852,84.71146589
0.04575139622180852,84.717736465
0.04575139622180852,84.724005943
0.04575139622180852,84.73022511
0.04575139622180852,84.737280163
0.045563890499588,84.743616465
0.04575139622180852,84.749856049
0.04575139622180852,84.755995791
0.04575139622180852,84.761963189
0.045563890499588,84.768420897
0.04575139622180852,84.774652929
0.04575139622180852,84.780915429
0.04575139622180852,84.787103501
0.045938901944029054,84.794120483
0.04575139622180852,84.80032038
0.045563890499588,84.806469808
0.04575139622180852,84.812741316
0.045938901944029054,84.81911283
0.045938901944029054,84.825463925
0.04575139622180852,84.831848614
0.04575139622180852,84.838399814
0.04575139622180852,84.844728714
0.04575139622180852,84.85172726
0.045938901944029054,84.85780846
0.04575139622180852,84.863835385
0.04575139622180852,84.869927313
0.045938901944029054,84.876110389
0.045938901944029054,84.882311275
0.045563890499588,84.888648201
0.045938901944029054,84.894951174
0.04612640766624958,84.901060759
0.045938901944029054,84.908290913
0.04575139622180852,84.914515493
0.045938901944029054,84.920721376
0.045938901944029054,84.927096007
0.045938901944029054,84.933626009
0.04631391338847011,84.940204913
0.04612640766624958,84.94628992
0.04612640766624958,84.952419557
0.04612640766624958,84.958598718
0.04612640766624958,84.96588419
0.04612640766624958,84.971986426
0.04612640766624958,84.978261166
0.04612640766624958,84.984403512
0.045938901944029054,84.990715384
0.045938901944029054,84.99693971
0.04612640766624958,85.003113154
0.045938901944029054,85.009281746
0.04612640766624958,85.01672878
0.04631391338847011,85.023213156
0.04631391338847011,85.029733625
0.04631391338847011,85.036281023
0.04650141911069063,85.042452744
0.04650141911069063,85.048909154
0.04631391338847011,85.055098011
0.04668892483291116,85.061397909
0.04650141911069063,85.067697439
0.04631391338847011,85.074787909
0.04650141911069063,85.081036502
0.04650141911069063,85.087208846
0.04631391338847011,85.093470045
0.04650141911069063,85.099642809
0.04668892483291116,85.105836402
0.04650141911069063,85.112085721
0.04650141911069063,85.11828729
0.04650141911069063,85.124465207
0.04668892483291116,85.131724994
0.04687643055513169,85.138047705
0.04706393627735221,85.144104789
0.04725144199957274,85.15029791
0.04706393627735221,85.156528477
0.04725144199957274,85.162636502
0.047438947721793266,85.168875566
0.04725144199957274,85.175105515
0.04706393627735221,85.181242291
0.047438947721793266,85.188604946
0.04725144199957274,85.19491974
0.047438947721793266,85.201158282
0.047438947721793266,85.20710573
0.047438947721793266,85.213216354
0.04725144199957274,85.219048539
0.047438947721793266,85.225125567
0.047438947721793266,85.231293321
0.04725144199957274,85.237215508
0.04725144199957274,85.244216914
0.04800146488845485,85.25027983
0.048188970610675376,85.256472639
0.0483764763328959,85.26245571
0.04856398205511643,85.268644566
0.0483764763328959,85.274894674
0.048751487777336955,85.280946553
0.048938993499557486,85.286953793
0.048938993499557486,85.292912598
0.04856398205511643,85.299882286
0.048751487777336955,85.305837028
0.048938993499557486,85.311874108
0.048751487777336955,85.317811971
0.048751487777336955,85.323907961
0.048938993499557486,85.33014531
0.048938993499557486,85.335968017
0.048938993499557486,85.34200947
0.048938993499557486,85.3491727
0.04856398205511643,85.355291401
0.048938993499557486,85.361317652
0.04987652211066012,85.367390364
0.050251533555101174,85.373423643
0.05062654499954222,85.379568693
0.05081405072176275,85.38586343
0.05081405072176275,85.391892911
0.05081405072176275,85.397945312
0.05100155644398328,85.40474099
0.05100155644398328,85.410713074
0.05081405072176275,85.416800522
0.05081405072176275,85.422807401
0.05100155644398328,85.428911776
0.05118906216620381,85.43468563
0.05081405072176275,85.440673969
0.05100155644398328,85.446899589
0.05118906216620381,85.45277464
0.05100155644398328,85.459810527
0.05100155644398328,85.465761775
0.05156407361064486,85.471845627
0.05193908505508591,85.47788641
0.052689107943968014,85.483759795
0.053439130832850124,85.489890107
0.05362663655507065,85.496037451
0.053439130832850124,85.50217787
0.053439130832850124,85.508320268
0.05362663655507065,85.515570635
0.053439130832850124,85.52181131
0.05362663655507065,85.52799256
0.05362663655507065,85.533915581
0.053439130832850124,85.539892044
0.05362663655507065,85.545802665
0.053439130832850124,85.551907661
0.053439130832850124,85.55778183
0.053439130832850124,85.56373558
0.053439130832850124,85.570876832
0.05325162511062959,85.576820215
0.05381414227729118,85.582870479
0.05456416516617328,85.588772976
0.05475167088839381,85.594928448
0.05512668233283487,85.601024802
0.055689199499496446,85.606972513
0.055689199499496446,85.612984653
0.05550169377727592,85.619003715
0.05550169377727592,85.626068404
0.055689199499496446,85.632023666
0.055689199499496446,85.637864235
0.05550169377727592,85.643827359
0.05550169377727592,85.649726106
0.05531418805505539,85.659639804
0.055689199499496446,85.671118765
0.05550169377727592,85.677140274
0.055689199499496446,85.683162408
0.05550169377727592,85.690072304
0.05550169377727592,85.696038343
0.0560642109439375,85.702072978
0.0560642109439375,85.708161414
0.056439222388378556,85.713994643
0.056814233832819604,85.720063601
0.05662672811059908,85.726233025
0.05662672811059908,85.73239876
0.057001739555040135,85.738929697
0.05718924527726066,85.745067149
0.05718924527726066,85.751111785
0.05737675099948119,85.756902671
0.05718924527726066,85.762864335
0.05718924527726066,85.768901366
0.05718924527726066,85.775010367
0.057001739555040135,85.781204168
0.05718924527726066,85.787385577
0.05737675099948119,85.794225366
0.05737675099948119,85.800297606
0.057001739555040135,85.806303444
0.05737675099948119,85.812548652
0.05812677388836329,85.818646413
0.05906430249946593,85.824596052
0.060376842555009615,85.830672616
0.06056434827723014,85.836625016
0.060189336832789084,85.843569443
0.06075185399945066,85.849543976
0.06150187688833277,85.855955073
0.0616893826105533,85.861971323
0.06225189977721488,85.867897675
0.06206439405499435,85.873784185
0.06150187688833277,85.879910906
0.06150187688833277,85.885846008
0.0616893826105533,85.891819394
0.0616893826105533,85.89888887
0.06225189977721488,85.904767725
0.06225189977721488,85.9107046
0.0616893826105533,85.91662825
0.06281441694387647,85.922847215
0.06562700277718436,85.928926228
0.06768956572161015,85.935020396
0.07050215155491807,85.9412155
0.07162718588824123,85.947816957
0.07162718588824123,85.954024355
0.07143968016602069,85.960059623
0.07237720877712332,85.966356241
0.07387725455488754,85.973747695
0.0750022888882107,85.980554254
0.07425226599932859,85.986467692
0.07293972594378491,85.992493005
0.07237720877712332,85.998850196
0.07275222022156437,86.005638632
0.07350224311044648,86.011752018
0.07425226599932859,86.017797585
0.07406476027710807,86.02417649
0.07312723166600543,86.03014222
0.07443977172154913,86.036311441
0.07950242622150334,86.042338783
0.08212750633259072,86.048196959
0.08625263222144232,86.05433248
0.08812768944364757,86.061689619
0.08737766655476548,86.067815348
0.08662764366588337,86.073824617
0.08775267799920652,86.07977988
0.08944022949919127,86.085779774
0.09019025238807336,86.091937425
0.08887771233252967,86.098369509
0.087565172276986,86.104267895
0.08794018372142705,86.110297323
0.08887771233252967,86.117073625
0.08944022949919127,86.123285705
0.0890652180547502,86.129135601
0.08850270088808862,86.135232582
0.08737766655476548,86.141598414
0.08944022949919127,86.147683099
0.08962773522141178,86.153795236
0.0883151951658681,86.15985258
0.08794018372142705,86.166053307
0.09206530961027865,86.173023932
0.09394036683248391,86.179158358
0.09019025238807336,86.185267319
0.087565172276986,86.191364613
0.08887771233252967,86.197586489
0.0931903439436018,86.203595972
0.09469038972136602,86.209856801
0.09225281533249916,86.215857995
0.08887771233252967,86.221976741
0.08962773522141178,86.228830751
0.09300283822138126,86.234952573
0.09375286111026337,86.241101429
0.09187780388805811,86.247390595
0.09019025238807336,86.253810388
0.09075276955473495,86.259716381
0.09281533249916074,86.265935704
0.09881551561021759,86.271962215
0.10744077883236183,86.279292636
